{
  "system": {
    "name": "real-transformer-quickcook-20000",
    "batch_size": 32,
    "seq_len": 128,
    "latency_ms": 14.51,
    "tokens_per_sec": 282528.0,
    "device": "H100"
  },
  "summary": {
    "global_coupling_efficiency": 0.08840078839905872,
    "global_obedience_score": 0.5277732903599194,
    "global_intelligence_score": 0.0,
    "predicted_bottleneck": "blk3.attn"
  },
  "slices": [
    {
      "slice_id": "blk3.attn",
      "kind": "attention",
      "op_type": "attn",
      "cost": 15.7,
      "propagated_cost": 26.06,
      "slice_bottleneck_index": 0.15392793857058473,
      "topological_congestion": 11.602040534657519,
      "direct_effect": 21.195,
      "estimated_total_effect": 35.181,
      "freedom_index": 0.4775887863694672,
      "compliance_index": 0.5906565378814763,
      "route_entropy": 0.0,
      "effect_entropy": 0.0,
      "compliance_entropy": 0.9409953578660223,
      "intelligence_index": 0.0,
      "propagated_state": 13.548549999999999
    },
    {
      "slice_id": "blk2.ffn",
      "kind": "ffn",
      "op_type": "ffn",
      "cost": 11.700000000000001,
      "propagated_cost": 24.26,
      "slice_bottleneck_index": 0.14329592439456587,
      "topological_congestion": 10.153616607405441,
      "direct_effect": 12.226500000000001,
      "estimated_total_effect": 25.3517,
      "freedom_index": 0.6612746341365932,
      "compliance_index": 0.44738575498504707,
      "route_entropy": 0.0,
      "effect_entropy": 0.0,
      "compliance_entropy": 0.9914809268160216,
      "intelligence_index": 0.0,
      "propagated_state": 12.692249999999998
    },
    {
      "slice_id": "blk2.attn",
      "kind": "attention",
      "op_type": "attn",
      "cost": 14.4,
      "propagated_cost": 23.76,
      "slice_bottleneck_index": 0.1403425871234495,
      "topological_congestion": 9.658114855027478,
      "direct_effect": 18.720000000000002,
      "estimated_total_effect": 30.888,
      "freedom_index": 0.45450866158441794,
      "compliance_index": 0.5995404412055109,
      "route_entropy": 0.0,
      "effect_entropy": 0.0,
      "compliance_entropy": 0.9325637847121095,
      "intelligence_index": 0.0,
      "propagated_state": 12.271949999999997
    },
    {
      "slice_id": "blk1.ffn",
      "kind": "ffn",
      "op_type": "ffn",
      "cost": 10.45,
      "propagated_cost": 21.97,
      "slice_bottleneck_index": 0.1297696396928529,
      "topological_congestion": 8.525167734884302,
      "direct_effect": 10.423874999999999,
      "estimated_total_effect": 21.915074999999998,
      "freedom_index": 0.6415874959598808,
      "compliance_index": 0.45620758485125373,
      "route_entropy": 0.0,
      "effect_entropy": 0.0,
      "compliance_entropy": 0.9889166473839952,
      "intelligence_index": 0.0,
      "propagated_state": 11.418849999999997
    },
    {
      "slice_id": "blk1.attn",
      "kind": "attention",
      "op_type": "attn",
      "cost": 13.1,
      "propagated_cost": 21.46,
      "slice_bottleneck_index": 0.12675723567631422,
      "topological_congestion": 7.918962268284808,
      "direct_effect": 16.375,
      "estimated_total_effect": 26.825000000000003,
      "freedom_index": 0.43257716036963867,
      "compliance_index": 0.6082334337080518,
      "route_entropy": 0.0,
      "effect_entropy": 0.0,
      "compliance_entropy": 0.9237397281564226,
      "intelligence_index": 0.0,
      "propagated_state": 10.780699999999998
    },
    {
      "slice_id": "blk0.ffn",
      "kind": "ffn",
      "op_type": "ffn",
      "cost": 9.200000000000001,
      "propagated_cost": 19.68,
      "slice_bottleneck_index": 0.11624335499113998,
      "topological_congestion": 7.069429075331382,
      "direct_effect": 8.74,
      "estimated_total_effect": 18.695999999999998,
      "freedom_index": 0.623132726102956,
      "compliance_index": 0.46494873173283136,
      "route_entropy": 0.0,
      "effect_entropy": 0.0,
      "compliance_entropy": 0.9860881774692215,
      "intelligence_index": 0.0,
      "propagated_state": 8.359399999999999
    },
    {
      "slice_id": "blk0.attn",
      "kind": "attention",
      "op_type": "attn",
      "cost": 11.8,
      "propagated_cost": 19.160000000000004,
      "slice_bottleneck_index": 0.11317188422917898,
      "topological_congestion": 6.374262005323102,
      "direct_effect": 14.16,
      "estimated_total_effect": 22.992000000000004,
      "freedom_index": 0.4118168253033691,
      "compliance_index": 0.6166976966578406,
      "route_entropy": 0.0,
      "effect_entropy": 0.0,
      "compliance_entropy": 0.9145954276280462,
      "intelligence_index": 0.0,
      "propagated_state": 4.047399999999999
    },
    {
      "slice_id": "blk3.ffn",
      "kind": "ffn",
      "op_type": "ffn",
      "cost": 12.95,
      "propagated_cost": 12.95,
      "slice_bottleneck_index": 0.07649143532191376,
      "topological_congestion": 0,
      "direct_effect": 14.147874999999997,
      "estimated_total_effect": 14.147874999999997,
      "freedom_index": 0.6821447302488608,
      "compliance_index": 0.4385161418573435,
      "route_entropy": 0.0,
      "effect_entropy": 0.0,
      "compliance_entropy": 0.9937470249019034,
      "intelligence_index": 0.0,
      "propagated_state": 13.965649999999998
    }
  ],
  "top_edge_attributions": [
    {
      "src": "blk3.attn",
      "dst": "blk3.ffn",
      "edge_attribution": 12.04999576765588
    },
    {
      "src": "blk2.ffn",
      "dst": "blk3.attn",
      "edge_attribution": 10.476980193628544
    },
    {
      "src": "blk2.attn",
      "dst": "blk2.ffn",
      "edge_attribution": 10.070854806097026
    }
  ]
}