{
  "system": {
    "name": "real-oscillator-quickcook-20000",
    "batch_size": 32,
    "seq_len": 128,
    "latency_ms": 27.63,
    "tokens_per_sec": 148184.0,
    "device": "H100"
  },
  "summary": {
    "global_coupling_efficiency": 0.07749772101288437,
    "global_obedience_score": 0.4881519504905616,
    "global_intelligence_score": 0.1012779899266187,
    "predicted_bottleneck": "blk3.prop"
  },
  "slices": [
    {
      "slice_id": "blk3.prop",
      "kind": "propagation",
      "op_type": "attn_score",
      "cost": 17.2,
      "propagated_cost": 30.21122365423941,
      "slice_bottleneck_index": 0.10546396094823021,
      "topological_congestion": 48.10487151068205,
      "direct_effect": 25.731199999999998,
      "estimated_total_effect": 45.195990586742155,
      "freedom_index": 1.2108030765755247,
      "compliance_index": 0.4065242883905237,
      "route_entropy": 0.8603464445371507,
      "effect_entropy": 0.5315538116145127,
      "compliance_entropy": 0.9915550797878614,
      "intelligence_index": 0.2548630517847261,
      "propagated_state": 24.89955788668989
    },
    {
      "slice_id": "blk3.phase",
      "kind": "phase",
      "op_type": "attn_qkv",
      "cost": 15.2,
      "propagated_cost": 28.96,
      "slice_bottleneck_index": 0.1010960808478262,
      "topological_congestion": 28.00711029710358,
      "direct_effect": 21.888,
      "estimated_total_effect": 41.702400000000004,
      "freedom_index": 0.5705341027754325,
      "compliance_index": 0.5758336711649632,
      "route_entropy": 0.0,
      "effect_entropy": 0.0,
      "compliance_entropy": 0.9486706380130528,
      "intelligence_index": 0.0,
      "propagated_state": 11.82198159205208
    },
    {
      "slice_id": "blk2.prop",
      "kind": "propagation",
      "op_type": "attn_score",
      "cost": 15.7,
      "propagated_cost": 27.570500631760854,
      "slice_bottleneck_index": 0.09624549588686253,
      "topological_congestion": 39.659222243148854,
      "direct_effect": 22.105599999999995,
      "estimated_total_effect": 38.819264889519275,
      "freedom_index": 1.16644384138547,
      "compliance_index": 0.414702174553909,
      "route_entropy": 0.8589447646705135,
      "effect_entropy": 0.7489034269309746,
      "compliance_entropy": 0.9941422627069166,
      "intelligence_index": 0.3068739761986946,
      "propagated_state": 22.66810007812886
    },
    {
      "slice_id": "blk2.phase",
      "kind": "phase",
      "op_type": "attn_qkv",
      "cost": 13.799999999999999,
      "propagated_cost": 26.36,
      "slice_bottleneck_index": 0.09201977524684733,
      "topological_congestion": 23.044813767588728,
      "direct_effect": 18.63,
      "estimated_total_effect": 35.586,
      "freedom_index": 0.5287725312617817,
      "compliance_index": 0.5917228120313359,
      "route_entropy": 0.0,
      "effect_entropy": 0.0,
      "compliance_entropy": 0.9346702008772059,
      "intelligence_index": 0.0,
      "propagated_state": 10.687736401912934
    },
    {
      "slice_id": "blk1.prop",
      "kind": "propagation",
      "op_type": "attn_score",
      "cost": 14.200000000000001,
      "propagated_cost": 24.92968263091251,
      "slice_bottleneck_index": 0.08702669926676035,
      "topological_congestion": 32.209556818335244,
      "direct_effect": 18.744,
      "estimated_total_effect": 32.90718107280451,
      "freedom_index": 1.123939174395234,
      "compliance_index": 0.42284714324793654,
      "route_entropy": 0.8573401526423134,
      "effect_entropy": 0.7534732782913955,
      "compliance_entropy": 0.9962514524872479,
      "intelligence_index": 0.3200897867996218,
      "propagated_state": 20.435576932498044
    },
    {
      "slice_id": "blk2.ffn",
      "kind": "ffn",
      "op_type": "ffn",
      "cost": 12.649999999999999,
      "propagated_cost": 24.81,
      "slice_bottleneck_index": 0.08660890075395607,
      "topological_congestion": 9.77762380260963,
      "direct_effect": 13.67465,
      "estimated_total_effect": 26.81961,
      "freedom_index": 0.6720141018253452,
      "compliance_index": 0.44149766781291294,
      "route_entropy": 0.0,
      "effect_entropy": 0.0,
      "compliance_entropy": 0.9922222558831885,
      "intelligence_index": 0.0,
      "propagated_state": 7.858217514792618
    },
    {
      "slice_id": "blk1.phase",
      "kind": "phase",
      "op_type": "attn_qkv",
      "cost": 12.399999999999999,
      "propagated_cost": 23.759999999999998,
      "slice_bottleneck_index": 0.08294346964586845,
      "topological_congestion": 18.674955903770382,
      "direct_effect": 15.623999999999999,
      "estimated_total_effect": 29.937600000000003,
      "freedom_index": 0.4889285084653022,
      "compliance_index": 0.6077545449917688,
      "route_entropy": 0.0,
      "effect_entropy": 0.0,
      "compliance_entropy": 0.9189288170986115,
      "intelligence_index": 0.0,
      "propagated_state": 9.553781169973288
    },
    {
      "slice_id": "blk1.ffn",
      "kind": "ffn",
      "op_type": "ffn",
      "cost": 11.4,
      "propagated_cost": 22.439999999999998,
      "slice_bottleneck_index": 0.07833549910998687,
      "topological_congestion": 8.169069315303,
      "direct_effect": 11.7876,
      "estimated_total_effect": 23.202959999999997,
      "freedom_index": 0.6517154704250487,
      "compliance_index": 0.45035412235978006,
      "route_entropy": 0.0,
      "effect_entropy": 0.0,
      "compliance_entropy": 0.989722202196323,
      "intelligence_index": 0.0,
      "propagated_state": 7.0750201410765
    },
    {
      "slice_id": "blk0.prop",
      "kind": "propagation",
      "op_type": "attn_score",
      "cost": 12.7,
      "propagated_cost": 22.288758077927447,
      "slice_bottleneck_index": 0.07780753068521383,
      "topological_congestion": 25.697196429507155,
      "direct_effect": 15.6464,
      "estimated_total_effect": 27.459749952006614,
      "freedom_index": 1.0832768260455445,
      "compliance_index": 0.4309358765989779,
      "route_entropy": 0.855478809909809,
      "effect_entropy": 0.7585140724597943,
      "compliance_entropy": 0.9978843894846483,
      "intelligence_index": 0.333509064336382,
      "propagated_state": 16.262502465020475
    },
    {
      "slice_id": "blk0.phase",
      "kind": "phase",
      "op_type": "attn_qkv",
      "cost": 11.0,
      "propagated_cost": 21.16,
      "slice_bottleneck_index": 0.07386716404488959,
      "topological_congestion": 14.86230942798387,
      "direct_effect": 12.870000000000001,
      "estimated_total_effect": 24.7572,
      "freedom_index": 0.4510050375866601,
      "compliance_index": 0.6238886396634207,
      "route_entropy": 0.0,
      "effect_entropy": 0.0,
      "compliance_entropy": 0.901540992074747,
      "intelligence_index": 0.0,
      "propagated_state": 3.772999999999999
    },
    {
      "slice_id": "blk0.ffn",
      "kind": "ffn",
      "op_type": "ffn",
      "cost": 10.15,
      "propagated_cost": 20.07,
      "slice_bottleneck_index": 0.07006209746601767,
      "topological_congestion": 6.728650465148836,
      "direct_effect": 10.01805,
      "estimated_total_effect": 19.80909,
      "freedom_index": 0.6326098144478343,
      "compliance_index": 0.45915162803342296,
      "route_entropy": 0.0,
      "effect_entropy": 0.0,
      "compliance_entropy": 0.9869354788559745,
      "intelligence_index": 0.0,
      "propagated_state": 6.225497318399037
    },
    {
      "slice_id": "blk3.ffn",
      "kind": "ffn",
      "op_type": "ffn",
      "cost": 13.9,
      "propagated_cost": 13.9,
      "slice_bottleneck_index": 0.04852332609754089,
      "topological_congestion": 0,
      "direct_effect": 15.679200000000002,
      "estimated_total_effect": 15.679200000000002,
      "freedom_index": 0.6934678092307522,
      "compliance_index": 0.43261083703778713,
      "route_entropy": 0.0,
      "effect_entropy": 0.0,
      "compliance_entropy": 0.9944062321622237,
      "intelligence_index": 0.0,